,teamAbbr,opptAbbr,teamOrtg,teamDrtg,opptOrtg,opptDrtg,teamAST,teamTO,opptAST,opptTO,teamPTS,opptPTS
0,CHA,ORL,113.1,113.3,103.8,111.9,27.9,12.7,23.6,13.9,109.77859590953815,101.36196106336544
1,TOR,PHI,112.1,109.8,112.6,109.0,22.0,11.7,23.5,11.7,105.04207691251393,105.32521059185281
2,MIL,BOS,114.1,111.0,113.2,106.1,23.8,12.8,24.6,13.0,108.10709128139716,107.35232870344231
3,MIN,SA,113.6,110.9,112.0,111.4,25.6,13.8,28.0,12.4,108.0737475897196,106.53822502414943
4,NO,POR,110.9,111.5,108.0,116.0,24.9,13.3,22.9,13.5,107.45397320466444,104.68413900276884
5,DEN,MEM,113.6,11.3,114.2,108.5,27.7,13.9,25.7,12.4,113.3168685022347,109.38304985703321
6,GS,LAL,111.8,106.7,109.6,111.2,26.9,14.3,24.1,13.9,111.92701269557631,109.41972217332423
